指标,排名,股票代码,股票名称,行业,指标值,单位,排序方向,说明
总市值最大,1,688825.SH,长鑫科技,半导体,38354.52,亿元,DESC,规模指标，不代表投资质量
总市值最大,2,601398.SH,工商银行,全国性银行,29047.11,亿元,DESC,规模指标，不代表投资质量
总市值最大,3,601939.SH,建设银行,全国性银行,29011.48,亿元,DESC,规模指标，不代表投资质量
总市值最大,4,601288.SH,农业银行,全国性银行,24673.81,亿元,DESC,规模指标，不代表投资质量
总市值最大,5,600941.SH,中国移动,电信服务,21663.36,亿元,DESC,规模指标，不代表投资质量
总市值最大,6,601988.SH,中国银行,全国性银行,21491.57,亿元,DESC,规模指标，不代表投资质量
总市值最大,7,601857.SH,中国石油,油气开采,20919.3,亿元,DESC,规模指标，不代表投资质量
总市值最大,8,300750.SZ,宁德时代,电池,16568.05,亿元,DESC,规模指标，不代表投资质量
总市值最大,9,600938.SH,中国海油,油气开采,16402.59,亿元,DESC,规模指标，不代表投资质量
总市值最大,10,600519.SH,贵州茅台,酿酒,16245.56,亿元,DESC,规模指标，不代表投资质量
总市值最大,11,601138.SH,工业富联,消费电子,12489.87,亿元,DESC,规模指标，不代表投资质量
总市值最大,12,601628.SH,中国人寿,保险,11043.02,亿元,DESC,规模指标，不代表投资质量
总市值最大,13,688981.SH,中芯国际,半导体,10796.35,亿元,DESC,规模指标，不代表投资质量
总市值最大,14,601088.SH,中国神华,煤炭开采,10476.0,亿元,DESC,规模指标，不代表投资质量
总市值最大,15,601318.SH,中国平安,保险,10363.0,亿元,DESC,规模指标，不代表投资质量
总市值最大,16,600036.SH,招商银行,全国性银行,10304.83,亿元,DESC,规模指标，不代表投资质量
总市值最大,17,300308.SZ,中际旭创,通信设备,10121.78,亿元,DESC,规模指标，不代表投资质量
总市值最大,18,601899.SH,紫金矿业,工业金属,8969.05,亿元,DESC,规模指标，不代表投资质量
总市值最大,19,002594.SZ,比亚迪,乘用车,8087.87,亿元,DESC,规模指标，不代表投资质量
总市值最大,20,688256.SH,寒武纪,半导体,6973.99,亿元,DESC,规模指标，不代表投资质量
流通市值最大,1,601288.SH,农业银行,全国性银行,22506.72,亿元,DESC,规模指标，不代表投资质量
流通市值最大,2,601398.SH,工商银行,全国性银行,21973.4,亿元,DESC,规模指标，不代表投资质量
流通市值最大,3,601857.SH,中国石油,油气开采,18507.69,亿元,DESC,规模指标，不代表投资质量
流通市值最大,4,600519.SH,贵州茅台,酿酒,16245.56,亿元,DESC,规模指标，不代表投资质量
流通市值最大,5,300750.SZ,宁德时代,电池,15255.35,亿元,DESC,规模指标，不代表投资质量
流通市值最大,6,601988.SH,中国银行,全国性银行,14058.06,亿元,DESC,规模指标，不代表投资质量
流通市值最大,7,601138.SH,工业富联,消费电子,12489.87,亿元,DESC,规模指标，不代表投资质量
流通市值最大,8,300308.SZ,中际旭创,通信设备,9537.7,亿元,DESC,规模指标，不代表投资质量
流通市值最大,9,600036.SH,招商银行,全国性银行,8428.99,亿元,DESC,规模指标，不代表投资质量
流通市值最大,10,601628.SH,中国人寿,保险,8135.75,亿元,DESC,规模指标，不代表投资质量
流通市值最大,11,601088.SH,中国神华,煤炭开采,7965.17,亿元,DESC,规模指标，不代表投资质量
流通市值最大,12,688256.SH,寒武纪,半导体,6973.99,亿元,DESC,规模指标，不代表投资质量
流通市值最大,13,601899.SH,紫金矿业,工业金属,6948.99,亿元,DESC,规模指标，不代表投资质量
流通市值最大,14,600900.SH,长江电力,电力,6948.97,亿元,DESC,规模指标，不代表投资质量
流通市值最大,15,601318.SH,中国平安,保险,6100.76,亿元,DESC,规模指标，不代表投资质量
流通市值最大,16,000333.SZ,美的集团,白色家电,6023.56,亿元,DESC,规模指标，不代表投资质量
流通市值最大,17,688041.SH,海光信息,半导体,5820.84,亿元,DESC,规模指标，不代表投资质量
流通市值最大,18,600028.SH,中国石化,石油化工,5230.34,亿元,DESC,规模指标，不代表投资质量
流通市值最大,19,300502.SZ,新易盛,通信设备,5052.22,亿元,DESC,规模指标，不代表投资质量
流通市值最大,20,601728.SH,中国电信,电信服务,5022.64,亿元,DESC,规模指标，不代表投资质量
总股本最大,1,601398.SH,工商银行,全国性银行,35640624.0,万股,DESC,规模指标，不代表投资质量
总股本最大,2,601288.SH,农业银行,全国性银行,34998304.0,万股,DESC,规模指标，不代表投资质量
总股本最大,3,601988.SH,中国银行,全国性银行,32221242.0,万股,DESC,规模指标，不代表投资质量
总股本最大,4,601939.SH,建设银行,全国性银行,26160038.0,万股,DESC,规模指标，不代表投资质量
总股本最大,5,601857.SH,中国石油,油气开采,18302098.0,万股,DESC,规模指标，不代表投资质量
总股本最大,6,600028.SH,中国石化,石油化工,12092551.0,万股,DESC,规模指标，不代表投资质量
总股本最大,7,601658.SH,邮储银行,全国性银行,12009505.0,万股,DESC,规模指标，不代表投资质量
总股本最大,8,601728.SH,中国电信,电信服务,9150714.0,万股,DESC,规模指标，不代表投资质量
总股本最大,9,601328.SH,交通银行,全国性银行,8836378.0,万股,DESC,规模指标，不代表投资质量
总股本最大,10,688825.SH,长鑫科技,半导体,6788410.0,万股,DESC,规模指标，不代表投资质量
总股本最大,11,601818.SH,光大银行,全国性银行,5908555.0,万股,DESC,规模指标，不代表投资质量
总股本最大,12,601998.SH,中信银行,全国性银行,5564516.0,万股,DESC,规模指标，不代表投资质量
总股本最大,13,003816.SZ,中国广核,电力,5049882.0,万股,DESC,规模指标，不代表投资质量
总股本最大,14,601816.SH,京沪高铁,公路铁路,4892568.0,万股,DESC,规模指标，不代表投资质量
总股本最大,15,600938.SH,中国海油,油气开采,4752995.5,万股,DESC,规模指标，不代表投资质量
总股本最大,16,600010.SH,包钢股份,普钢,4522603.5,万股,DESC,规模指标，不代表投资质量
总股本最大,17,601868.SH,中国能建,基础建设,4424018.5,万股,DESC,规模指标，不代表投资质量
总股本最大,18,601319.SH,中国人保,保险,4422399.0,万股,DESC,规模指标，不代表投资质量
总股本最大,19,600016.SH,民生银行,全国性银行,4378242.0,万股,DESC,规模指标，不代表投资质量
总股本最大,20,600221.SH,海航控股,航空机场,4321563.5,万股,DESC,规模指标，不代表投资质量
流通股本最大,1,601288.SH,农业银行,全国性银行,31924420.0,万股,DESC,规模指标，不代表投资质量
流通股本最大,2,601398.SH,工商银行,全国性银行,26961222.0,万股,DESC,规模指标，不代表投资质量
流通股本最大,3,601988.SH,中国银行,全国性银行,21076552.0,万股,DESC,规模指标，不代表投资质量
流通股本最大,4,601857.SH,中国石油,油气开采,16192207.0,万股,DESC,规模指标，不代表投资质量
流通股本最大,5,600028.SH,中国石化,石油化工,9475248.0,万股,DESC,规模指标，不代表投资质量
流通股本最大,6,601728.SH,中国电信,电信服务,7762972.5,万股,DESC,规模指标，不代表投资质量
流通股本最大,7,601658.SH,邮储银行,全国性银行,7252780.0,万股,DESC,规模指标，不代表投资质量
流通股本最大,8,601816.SH,京沪高铁,公路铁路,4892568.0,万股,DESC,规模指标，不代表投资质量
流通股本最大,9,601818.SH,光大银行,全国性银行,4640681.5,万股,DESC,规模指标，不代表投资质量
流通股本最大,10,600221.SH,海航控股,航空机场,4284551.5,万股,DESC,规模指标，不代表投资质量
流通股本最大,11,601668.SH,中国建筑,房屋建设,4132039.0,万股,DESC,规模指标，不代表投资质量
流通股本最大,12,601998.SH,中信银行,全国性银行,4076300.0,万股,DESC,规模指标，不代表投资质量
流通股本最大,13,003816.SZ,中国广核,电力,3933519.0,万股,DESC,规模指标，不代表投资质量
流通股本最大,14,601319.SH,中国人保,保险,3549775.75,万股,DESC,规模指标，不代表投资质量
流通股本最大,15,600016.SH,民生银行,全国性银行,3546212.25,万股,DESC,规模指标，不代表投资质量
流通股本最大,16,000725.SZ,京东方Ａ,光学光电,3536713.25,万股,DESC,规模指标，不代表投资质量
流通股本最大,17,600000.SH,浦发银行,全国性银行,3330583.75,万股,DESC,规模指标，不代表投资质量
流通股本最大,18,601868.SH,中国能建,基础建设,3242872.75,万股,DESC,规模指标，不代表投资质量
流通股本最大,19,600010.SH,包钢股份,普钢,3131821.25,万股,DESC,规模指标，不代表投资质量
流通股本最大,20,600050.SH,中国联通,电信服务,3099041.0,万股,DESC,规模指标，不代表投资质量
自由流通股本最大,1,601398.SH,工商银行,全国性银行,3119269.27,万股,DESC,规模指标，不代表投资质量
自由流通股本最大,2,000725.SZ,京东方Ａ,光学光电,3031193.19,万股,DESC,规模指标，不代表投资质量
自由流通股本最大,3,601288.SH,农业银行,全国性银行,2862106.21,万股,DESC,规模指标，不代表投资质量
自由流通股本最大,4,600016.SH,民生银行,全国性银行,2810983.83,万股,DESC,规模指标，不代表投资质量
自由流通股本最大,5,600221.SH,海航控股,航空机场,2479344.84,万股,DESC,规模指标，不代表投资质量
自由流通股本最大,6,601816.SH,京沪高铁,公路铁路,2455697.41,万股,DESC,规模指标，不代表投资质量
自由流通股本最大,7,601328.SH,交通银行,全国性银行,2296728.58,万股,DESC,规模指标，不代表投资质量
自由流通股本最大,8,600010.SH,包钢股份,普钢,1988015.72,万股,DESC,规模指标，不代表投资质量
自由流通股本最大,9,000100.SZ,TCL科技,光学光电,1952276.89,万股,DESC,规模指标，不代表投资质量
自由流通股本最大,10,601916.SH,浙商银行,全国性银行,1809235.97,万股,DESC,规模指标，不代表投资质量
自由流通股本最大,11,600157.SH,永泰能源,电力,1779047.22,万股,DESC,规模指标，不代表投资质量
自由流通股本最大,12,601668.SH,中国建筑,房屋建设,1747666.33,万股,DESC,规模指标，不代表投资质量
自由流通股本最大,13,601818.SH,光大银行,全国性银行,1574705.05,万股,DESC,规模指标，不代表投资质量
自由流通股本最大,14,601169.SH,北京银行,地方性银行,1463037.34,万股,DESC,规模指标，不代表投资质量
自由流通股本最大,15,601899.SH,紫金矿业,工业金属,1451827.51,万股,DESC,规模指标，不代表投资质量
自由流通股本最大,16,601728.SH,中国电信,电信服务,1435912.7,万股,DESC,规模指标，不代表投资质量
自由流通股本最大,17,601868.SH,中国能建,基础建设,1416047.51,万股,DESC,规模指标，不代表投资质量
自由流通股本最大,18,600028.SH,中国石化,石油化工,1395898.16,万股,DESC,规模指标，不代表投资质量
自由流通股本最大,19,600919.SH,江苏银行,地方性银行,1360062.98,万股,DESC,规模指标，不代表投资质量
自由流通股本最大,20,601166.SH,兴业银行,全国性银行,1337537.84,万股,DESC,规模指标，不代表投资质量
市盈率最低（仅正值）,1,000656.SZ,金科股份,房地产开发,0.36,倍,ASC,低估值候选；需排除利润周期和一次性收益影响
市盈率最低（仅正值）,2,600841.SH,动力新科,汽车零部件,2.47,倍,ASC,低估值候选；需排除利润周期和一次性收益影响
市盈率最低（仅正值）,3,002582.SZ,好想你,休闲食品,2.88,倍,ASC,低估值候选；需排除利润周期和一次性收益影响
市盈率最低（仅正值）,4,601997.SH,贵阳银行,地方性银行,3.92,倍,ASC,低估值候选；需排除利润周期和一次性收益影响
市盈率最低（仅正值）,5,600015.SH,华夏银行,全国性银行,3.95,倍,ASC,低估值候选；需排除利润周期和一次性收益影响
市盈率最低（仅正值）,6,000498.SZ,山东路桥,基础建设,3.97,倍,ASC,低估值候选；需排除利润周期和一次性收益影响
市盈率最低（仅正值）,7,601336.SH,新华保险,保险,4.24,倍,ASC,低估值候选；需排除利润周期和一次性收益影响
市盈率最低（仅正值）,8,601628.SH,中国人寿,保险,4.39,倍,ASC,低估值候选；需排除利润周期和一次性收益影响
市盈率最低（仅正值）,9,002611.SZ,东方精工,专用设备,4.44,倍,ASC,低估值候选；需排除利润周期和一次性收益影响
市盈率最低（仅正值）,10,603323.SH,苏农银行,地方性银行,4.65,倍,ASC,低估值候选；需排除利润周期和一次性收益影响
市盈率最低（仅正值）,11,601577.SH,长沙银行,地方性银行,4.68,倍,ASC,低估值候选；需排除利润周期和一次性收益影响
市盈率最低（仅正值）,12,601166.SH,兴业银行,全国性银行,4.92,倍,ASC,低估值候选；需排除利润周期和一次性收益影响
市盈率最低（仅正值）,13,600502.SH,安徽建工,基础建设,4.98,倍,ASC,低估值候选；需排除利润周期和一次性收益影响
市盈率最低（仅正值）,14,601186.SH,中国铁建,基础建设,5.04,倍,ASC,低估值候选；需排除利润周期和一次性收益影响
市盈率最低（仅正值）,15,601528.SH,瑞丰银行,地方性银行,5.06,倍,ASC,低估值候选；需排除利润周期和一次性收益影响
市盈率最低（仅正值）,16,601128.SH,常熟银行,地方性银行,5.1,倍,ASC,低估值候选；需排除利润周期和一次性收益影响
市盈率最低（仅正值）,17,002958.SZ,青农商行,地方性银行,5.12,倍,ASC,低估值候选；需排除利润周期和一次性收益影响
市盈率最低（仅正值）,18,600908.SH,无锡银行,地方性银行,5.21,倍,ASC,低估值候选；需排除利润周期和一次性收益影响
市盈率最低（仅正值）,19,002839.SZ,张家港行,地方性银行,5.22,倍,ASC,低估值候选；需排除利润周期和一次性收益影响
市盈率最低（仅正值）,20,000001.SZ,平安银行,全国性银行,5.23,倍,ASC,低估值候选；需排除利润周期和一次性收益影响
市净率最低（仅正值）,1,600383.SH,金地集团,房地产开发,0.24,倍,ASC,低估值候选；金融、地产与重资产行业需分行业比较
市净率最低（仅正值）,2,600016.SH,民生银行,全国性银行,0.27,倍,ASC,低估值候选；金融、地产与重资产行业需分行业比较
市净率最低（仅正值）,3,600048.SH,保利发展,房地产开发,0.3,倍,ASC,低估值候选；金融、地产与重资产行业需分行业比较
市净率最低（仅正值）,4,601186.SH,中国铁建,基础建设,0.3,倍,ASC,低估值候选；金融、地产与重资产行业需分行业比较
市净率最低（仅正值）,5,600015.SH,华夏银行,全国性银行,0.31,倍,ASC,低估值候选；金融、地产与重资产行业需分行业比较
市净率最低（仅正值）,6,601997.SH,贵阳银行,地方性银行,0.31,倍,ASC,低估值候选；金融、地产与重资产行业需分行业比较
市净率最低（仅正值）,7,601800.SH,中国交建,基础建设,0.33,倍,ASC,低估值候选；金融、地产与重资产行业需分行业比较
市净率最低（仅正值）,8,601390.SH,中国中铁,基础建设,0.34,倍,ASC,低估值候选；金融、地产与重资产行业需分行业比较
市净率最低（仅正值）,9,002936.SZ,郑州银行,地方性银行,0.35,倍,ASC,低估值候选；金融、地产与重资产行业需分行业比较
市净率最低（仅正值）,10,601818.SH,光大银行,全国性银行,0.35,倍,ASC,低估值候选；金融、地产与重资产行业需分行业比较
市净率最低（仅正值）,11,600782.SH,新钢股份,普钢,0.36,倍,ASC,低估值候选；金融、地产与重资产行业需分行业比较
市净率最低（仅正值）,12,601668.SH,中国建筑,房屋建设,0.36,倍,ASC,低估值候选；金融、地产与重资产行业需分行业比较
市净率最低（仅正值）,13,000002.SZ,万 科Ａ,房地产开发,0.37,倍,ASC,低估值候选；金融、地产与重资产行业需分行业比较
市净率最低（仅正值）,14,000401.SZ,金隅冀东,水泥,0.37,倍,ASC,低估值候选；金融、地产与重资产行业需分行业比较
市净率最低（仅正值）,15,000877.SZ,天山股份,水泥,0.37,倍,ASC,低估值候选；金融、地产与重资产行业需分行业比较
市净率最低（仅正值）,16,000402.SZ,金 融 街,房地产开发,0.39,倍,ASC,低估值候选；金融、地产与重资产行业需分行业比较
市净率最低（仅正值）,17,002110.SZ,三钢闽光,普钢,0.39,倍,ASC,低估值候选；金融、地产与重资产行业需分行业比较
市净率最低（仅正值）,18,001227.SZ,兰州银行,地方性银行,0.4,倍,ASC,低估值候选；金融、地产与重资产行业需分行业比较
市净率最低（仅正值）,19,600104.SH,上汽集团,乘用车,0.4,倍,ASC,低估值候选；金融、地产与重资产行业需分行业比较
市净率最低（仅正值）,20,600248.SH,陕建股份,房屋建设,0.4,倍,ASC,低估值候选；金融、地产与重资产行业需分行业比较
股息率最高,1,603165.SH,荣晟环保,造纸,13.92,%,DESC,收益指标；需检查分红可持续性
股息率最高,2,600219.SH,南山铝业,工业金属,13.63,%,DESC,收益指标；需检查分红可持续性
股息率最高,3,600329.SH,达仁堂,中药,13.29,%,DESC,收益指标；需检查分红可持续性
股息率最高,4,600398.SH,海澜之家,服装家纺,11.43,%,DESC,收益指标；需检查分红可持续性
股息率最高,5,002763.SZ,汇洁股份,服装家纺,10.4,%,DESC,收益指标；需检查分红可持续性
股息率最高,6,002572.SZ,索菲亚,家居用品,10.13,%,DESC,收益指标；需检查分红可持续性
股息率最高,7,300406.SZ,九强生物,生物制品,8.91,%,DESC,收益指标；需检查分红可持续性
股息率最高,8,601717.SH,中创智领,专用设备,8.78,%,DESC,收益指标；需检查分红可持续性
股息率最高,9,600983.SH,惠而浦,白色家电,8.7,%,DESC,收益指标；需检查分红可持续性
股息率最高,10,600866.SH,星湖科技,饲料,8.68,%,DESC,收益指标；需检查分红可持续性
股息率最高,11,002441.SZ,众业达,电网设备,8.51,%,DESC,收益指标；需检查分红可持续性
股息率最高,12,600153.SH,建发股份,物流,8.5,%,DESC,收益指标；需检查分红可持续性
股息率最高,13,603551.SH,奥普科技,厨卫电器,8.48,%,DESC,收益指标；需检查分红可持续性
股息率最高,14,002233.SZ,塔牌集团,水泥,8.4,%,DESC,收益指标；需检查分红可持续性
股息率最高,15,600861.SH,北京人力,专业服务,8.15,%,DESC,收益指标；需检查分红可持续性
股息率最高,16,000915.SZ,华特达因,化学制药,7.96,%,DESC,收益指标；需检查分红可持续性
股息率最高,17,002612.SZ,朗姿股份,服装家纺,7.95,%,DESC,收益指标；需检查分红可持续性
股息率最高,18,601216.SH,君正集团,化学原料,7.93,%,DESC,收益指标；需检查分红可持续性
股息率最高,19,300770.SZ,新媒股份,广播电视,7.91,%,DESC,收益指标；需检查分红可持续性
股息率最高,20,002004.SZ,华邦健康,农用化工,7.77,%,DESC,收益指标；需检查分红可持续性
换手率最高,1,601123.SH,N马矿,冶钢原料,81.39,%,DESC,交易活跃度指标，不属于纯财务质量指标
换手率最高,2,301697.SZ,N贝特利,电子化学品,77.8,%,DESC,交易活跃度指标，不属于纯财务质量指标
换手率最高,3,301218.SZ,华是科技,软件服务,46.03,%,DESC,交易活跃度指标，不属于纯财务质量指标
换手率最高,4,301655.SZ,绿控传动,汽车零部件,44.32,%,DESC,交易活跃度指标，不属于纯财务质量指标
换手率最高,5,920288.BJ,华大海天,造纸,42.7,%,DESC,交易活跃度指标，不属于纯财务质量指标
换手率最高,6,002418.SZ,康盛股份,家电零部件,41.22,%,DESC,交易活跃度指标，不属于纯财务质量指标
换手率最高,7,600613.SH,神奇制药,中药,39.18,%,DESC,交易活跃度指标，不属于纯财务质量指标
换手率最高,8,920895.BJ,花溪科技,专用设备,38.03,%,DESC,交易活跃度指标，不属于纯财务质量指标
换手率最高,9,600227.SH,赤天化,农用化工,37.39,%,DESC,交易活跃度指标，不属于纯财务质量指标
换手率最高,10,300189.SZ,神农种业,种植业,37.26,%,DESC,交易活跃度指标，不属于纯财务质量指标
换手率最高,11,000560.SZ,我爱我家,房产服务,37.08,%,DESC,交易活跃度指标，不属于纯财务质量指标
换手率最高,12,600721.SH,百花医药,医疗服务,37.07,%,DESC,交易活跃度指标，不属于纯财务质量指标
换手率最高,13,920021.BJ,流金科技,广播电视,36.96,%,DESC,交易活跃度指标，不属于纯财务质量指标
换手率最高,14,603395.SH,红四方,农用化工,36.86,%,DESC,交易活跃度指标，不属于纯财务质量指标
换手率最高,15,002886.SZ,沃特股份,塑料,36.68,%,DESC,交易活跃度指标，不属于纯财务质量指标
换手率最高,16,002742.SZ,冀衡医药,化学制药,36.62,%,DESC,交易活跃度指标，不属于纯财务质量指标
换手率最高,17,301591.SZ,肯特股份,塑料,35.95,%,DESC,交易活跃度指标，不属于纯财务质量指标
换手率最高,18,002354.SZ,天娱数科,广告营销,34.85,%,DESC,交易活跃度指标，不属于纯财务质量指标
换手率最高,19,600103.SH,青山纸业,造纸,33.97,%,DESC,交易活跃度指标，不属于纯财务质量指标
换手率最高,20,300364.SZ,中文在线,出版业,33.26,%,DESC,交易活跃度指标，不属于纯财务质量指标
前一交易日成交额最高,1,688825.SH,长鑫科技,半导体,2093465.8,万元,DESC,流动性指标，不属于纯财务质量指标
前一交易日成交额最高,2,300308.SZ,中际旭创,通信设备,1892570.11,万元,DESC,流动性指标，不属于纯财务质量指标
前一交易日成交额最高,3,600183.SH,生益科技,元器件,1574221.72,万元,DESC,流动性指标，不属于纯财务质量指标
前一交易日成交额最高,4,688256.SH,寒武纪,半导体,1314361.75,万元,DESC,流动性指标，不属于纯财务质量指标
前一交易日成交额最高,5,600487.SH,亨通光电,通信设备,1273848.32,万元,DESC,流动性指标，不属于纯财务质量指标
前一交易日成交额最高,6,603986.SH,兆易创新,半导体,1267131.8,万元,DESC,流动性指标，不属于纯财务质量指标
前一交易日成交额最高,7,300502.SZ,新易盛,通信设备,1238937.7,万元,DESC,流动性指标，不属于纯财务质量指标
前一交易日成交额最高,8,300274.SZ,阳光电源,光伏设备,1011277.62,万元,DESC,流动性指标，不属于纯财务质量指标
前一交易日成交额最高,9,000938.SZ,紫光股份,IT设备,1004971.83,万元,DESC,流动性指标，不属于纯财务质量指标
前一交易日成交额最高,10,601899.SH,紫金矿业,工业金属,984498.38,万元,DESC,流动性指标，不属于纯财务质量指标
前一交易日成交额最高,11,000977.SZ,浪潮信息,IT设备,960118.07,万元,DESC,流动性指标，不属于纯财务质量指标
前一交易日成交额最高,12,300750.SZ,宁德时代,电池,947766.37,万元,DESC,流动性指标，不属于纯财务质量指标
前一交易日成交额最高,13,688008.SH,澜起科技,半导体,908634.01,万元,DESC,流动性指标，不属于纯财务质量指标
前一交易日成交额最高,14,002384.SZ,东山精密,元器件,862279.27,万元,DESC,流动性指标，不属于纯财务质量指标
前一交易日成交额最高,15,000725.SZ,京东方Ａ,光学光电,812186.93,万元,DESC,流动性指标，不属于纯财务质量指标
前一交易日成交额最高,16,600176.SH,中国巨石,玻璃玻纤,800448.41,万元,DESC,流动性指标，不属于纯财务质量指标
前一交易日成交额最高,17,600378.SH,昊华科技,化学制品,790965.66,万元,DESC,流动性指标，不属于纯财务质量指标
前一交易日成交额最高,18,300394.SZ,天孚通信,通信设备,746273.43,万元,DESC,流动性指标，不属于纯财务质量指标
前一交易日成交额最高,19,300476.SZ,胜宏科技,元器件,733159.32,万元,DESC,流动性指标，不属于纯财务质量指标
前一交易日成交额最高,20,603259.SH,药明康德,医疗服务,728335.0,万元,DESC,流动性指标，不属于纯财务质量指标
